{"cameraMode":{"drawMode":0,"name":"Shaded","section":"Shading Mode"},"sceneLighting":true,"audioPlay":false,"sceneViewState":{"showFog":true,"showMaterialUpdate":false,"showSkybox":true,"showFlares":true,"showImageEffects":true,"showParticleSystems":true},"in2DMode":false,"pivot":{"x":-0.0037102997303009035,"y":-1.0339443683624268,"z":1.2846503257751465},"rotation":{"x":0.7785326242446899,"y":0.05880875885486603,"z":-0.07379236072301865,"w":0.6204776167869568},"size":2.225419521331787,"orthographic":false}